Unknown Player;104;2017-02-21T00:00
Unknown Player;104;2017-02-21T00:00
Unknown Player;104;2017-02-21T00:00
Unknown Player;104;2017-02-21T00:00
Unknown Player;102;2017-02-20T00:00
Unknown Player;102;2017-02-20T00:00
Unknown Player;102;2017-02-20T00:00
Unknown Player;102;2017-02-20T00:00
Unknown Player;100;2017-02-19T00:00
Unknown Player;100;2017-02-19T00:00
Unknown Player;100;2017-02-19T00:00
Unknown Player;100;2017-02-19T00:00
Unknown Player;98;2017-02-18T00:00
Unknown Player;98;2017-02-18T00:00
Unknown Player;98;2017-02-18T00:00
Unknown Player;98;2017-02-18T00:00
Unknown Player;96;2017-02-17T00:00
Unknown Player;96;2017-02-17T00:00
Unknown Player;96;2017-02-17T00:00
Unknown Player;96;2017-02-17T00:00
Unknown Player;94;2017-02-16T00:00
Unknown Player;94;2017-02-16T00:00
Unknown Player;94;2017-02-16T00:00
Unknown Player;94;2017-02-16T00:00
Unknown Player;92;2017-02-15T00:00
Unknown Player;92;2017-02-15T00:00
Unknown Player;92;2017-02-15T00:00
Unknown Player;92;2017-02-15T00:00
Unknown Player;90;2017-02-14T00:00
Unknown Player;90;2017-02-14T00:00
Unknown Player;90;2017-02-14T00:00
Unknown Player;90;2017-02-14T00:00
Unknown Player;88;2017-02-13T00:00
Unknown Player;88;2017-02-13T00:00
Unknown Player;88;2017-02-13T00:00
Unknown Player;88;2017-02-13T00:00
Unknown Player;86;2017-02-12T00:00
Unknown Player;86;2017-02-12T00:00
Unknown Player;86;2017-02-12T00:00
Unknown Player;86;2017-02-12T00:00
Unknown Player;84;2017-02-11T00:00
Unknown Player;84;2017-02-11T00:00
Unknown Player;84;2017-02-11T00:00
Unknown Player;84;2017-02-11T00:00
Unknown Player;82;2017-02-10T00:00
Unknown Player;82;2017-02-10T00:00
Unknown Player;82;2017-02-10T00:00
Unknown Player;82;2017-02-10T00:00
Unknown Player;80;2017-02-09T00:00
Unknown Player;80;2017-02-09T00:00
Unknown Player;80;2017-02-09T00:00
Unknown Player;80;2017-02-09T00:00
Unknown Player;78;2017-02-08T00:00
Unknown Player;78;2017-02-08T00:00
Unknown Player;78;2017-02-08T00:00
Unknown Player;78;2017-02-08T00:00
Unknown Player;76;2017-02-07T00:00
Unknown Player;76;2017-02-07T00:00
Unknown Player;76;2017-02-07T00:00
Unknown Player;76;2017-02-07T00:00
Unknown Player;74;2017-02-06T00:00
Unknown Player;74;2017-02-06T00:00
Unknown Player;74;2017-02-06T00:00
Unknown Player;74;2017-02-06T00:00
Unknown Player;72;2017-02-05T00:00
Unknown Player;72;2017-02-05T00:00
Unknown Player;72;2017-02-05T00:00
Unknown Player;72;2017-02-05T00:00
Unknown Player;70;2017-02-04T00:00
Unknown Player;70;2017-02-04T00:00
Unknown Player;70;2017-02-04T00:00
Unknown Player;70;2017-02-04T00:00
Unknown Player;68;2017-02-03T00:00
Unknown Player;68;2017-02-03T00:00
Unknown Player;68;2017-02-03T00:00
Unknown Player;68;2017-02-03T00:00
Unknown Player;66;2017-02-02T00:00
Unknown Player;66;2017-02-02T00:00
Unknown Player;66;2017-02-02T00:00
Unknown Player;66;2017-02-02T00:00
Unknown Player;64;2017-02-01T00:00
Unknown Player;64;2017-02-01T00:00
Unknown Player;64;2017-02-01T00:00
Unknown Player;64;2017-02-01T00:00
Unknown Player;62;2017-01-31T00:00
Unknown Player;62;2017-01-31T00:00
Unknown Player;62;2017-01-31T00:00
Unknown Player;62;2017-01-31T00:00
Unknown Player;60;2017-01-30T00:00
Unknown Player;60;2017-01-30T00:00
Unknown Player;60;2017-01-30T00:00
Unknown Player;60;2017-01-30T00:00
Unknown Player;58;2017-01-29T00:00
Unknown Player;58;2017-01-29T00:00
Unknown Player;58;2017-01-29T00:00
Unknown Player;58;2017-01-29T00:00
Unknown Player;56;2017-01-28T00:00
Unknown Player;56;2017-01-28T00:00
Test Name;0;2017-12-13T14:36:40.818
Test Name;0;2017-12-13T14:40:36.038
